[
  {
    "id": "1",
    "name": "Casa da Mulher",
    "address": "Av. Garibaldi Campinhos, 169",
    "neighborhood": "Vitorino Braga", 
    "phone": "(32) 3690-7292",
    "hours": "Segunda a Domingo, 24h",
    "coordinates": { "lat": -21.753831140109178, "lng": -43.345084988278984 },
    "acceptedItems": [
      "Roupas e calçados",
      "Alimentos não perecíveis",
      "Água mineral",
      "Cobertores, Colchões e Travesseiros",
      "Produtos de higiene pessoal",
      "Medicamentos (lacrados)",
      "Produtos de limpeza",
      "Doação financeira",
      "Ração para animais"
    ],
    "notes": "Funcionamento 24h."
  },
  {
    "id": "2",
    "name": "Prefeitura de Juiz de Fora",
    "address": "Av. Brasil, 2001",
    "neighborhood": "Centro",
    "phone": "(32) 3690-7000",
    "hours": "Segunda a Sexta, 08h às 18h",
    "coordinates": { "lat": -21.757410354111183, "lng": -43.344224445290784 },
    "acceptedItems": [
      "Roupas e calçados",
      "Alimentos não perecíveis",
      "Água mineral",
      "Cobertores, Colchões e Travesseiros",
      "Produtos de higiene pessoal",
      "Medicamentos (lacrados)",
      "Produtos de limpeza",
      "Doação financeira",
      "Ração para animais"
    ],
    "notes": "Coordenação central da Defesa Civil. Qualquer dúvida entre em contato pelo telefone."
  },
  {
    "id": "3",
    "name": "EPROS",
    "address": "Rua Costa Carvalho, 30",
    "neighborhood": "Costa Carvalho",
    "phone": "(32) 9 9835-4528",
    "hours": "Segunda a Sexta, 08h às 17h",
    "coordinates": { "lat": -21.763214769421193, "lng": -43.33338980110883 },
    "acceptedItems": [
      "Roupas e calçados",
      "Alimentos não perecíveis",
      "Água mineral",
      "Cobertores, Colchões e Travesseiros",
      "Produtos de higiene pessoal",
      "Medicamentos (lacrados)",
      "Produtos de limpeza",
      "Doação financeira",
      "Ração para animais"
    ],
    "notes": "Esse local possui rotas de coleta Quinta e Sexta, caso tenha interesse, favor entrar em contato.",
    "hasCollectionRoute": true
  },
  {
    "id": "4",
    "name": "Escola Municipal Murilo Mendes",
    "address": "Rua Dr. Leonel Jaguaribe, 240",
    "neighborhood": "Alto Grajaú",
    "phone": "(32) 3690-7678",
    "hours": "Segunda a Sexta, 10h às 16h",
    "coordinates": { "lat": -21.74501517240005, "lng": -43.34076395878199 },
    "acceptedItems": [
      "Roupas e calçados",
      "Alimentos não perecíveis",
      "Água mineral",
      "Cobertores, Colchões e Travesseiros",
      "Produtos de higiene pessoal",
      "Medicamentos (lacrados)",
      "Produtos de limpeza",
      "Doação financeira",
      "Ração para animais"
    ]
  },
  {
    "id": "5",
    "name": "Escola Municipal Professor Nilo Camilo Ayupe",
    "address": "Rua Almirante Barroso, 155",
    "neighborhood": "Paineras",
    "phone": "(32) 3690-8607",
    "hours": "Segunda a Sexta, 08h às 16h",
    "coordinates": { "lat": -21.768105413115652, "lng": -43.35584978761777 },
    "acceptedItems": [
      "Roupas e calçados",
      "Alimentos não perecíveis",
      "Água mineral",
      "Cobertores, Colchões e Travesseiros",
      "Produtos de higiene pessoal",
      "Medicamentos (lacrados)",
      "Produtos de limpeza",
      "Doação financeira",
      "Ração para animais"
    ]
  },
  {
    "id": "6",
    "name": "Shopping Jardim Norte",
    "address": "Av. Brasil, 6345",
    "neighborhood": "Mariano Procópio",
    "phone": "(32) 3512-2000",
    "hours": "Segunda a Domingo, 10h às 22h",
    "coordinates": { "lat": -21.740345034523614, "lng": -43.37072158947276 },
    "acceptedItems": [
      "Roupas e calçados",
      "Alimentos não perecíveis",
      "Água mineral",
      "Cobertores, Colchões e Travesseiros",
      "Produtos de higiene pessoal",
      "Medicamentos (lacrados)",
      "Produtos de limpeza",
      "Doação financeira",
      "Ração para animais"
    ]
  },
  {
    "id": "7",
    "name": "Unimed Juiz de Fora",
    "address": "Av. Rio Branco, 2540",
    "neighborhood": "Centro",
    "phone": "0800 030 1166",
    "hours": "Segunda a Sexta, 08h às 18h",
    "coordinates": { "lat": -21.764134278681272, "lng": -43.34920221830841 },
    "acceptedItems": [
      "Roupas e calçados",
      "Alimentos não perecíveis",
      "Água mineral",
      "Cobertores, Colchões e Travesseiros",
      "Produtos de higiene pessoal",
      "Medicamentos (lacrados)",
      "Produtos de limpeza",
      "Doação financeira",
      "Ração para animais"
    ]
  },
  {
    "id": "8",
    "name": "IF Sudeste",
    "address": "Rua Bernardo Mascarenhas, 1283",
    "neighborhood": "Fábrica",
    "phone": "(32) 4009-3003",
    "hours": "Segunda a Sexta, 07h às 23h",
    "coordinates": { "lat": -21.741757605475613, "lng": -43.3741446011095 },
    "acceptedItems": [
      "Roupas e calçados",
      "Alimentos não perecíveis",
      "Água mineral",
      "Cobertores, Colchões e Travesseiros",
      "Produtos de higiene pessoal",
      "Medicamentos (lacrados)",
      "Produtos de limpeza",
      "Doação financeira",
      "Ração para animais"
    ]
  },
  {
    "id": "9",
    "name": "Escola Municipal Paulo Rogério dos Santos",
    "address": "Rua Cel. Quintão, 136",
    "neighborhood": "Monte Castelo",
    "phone": "(32) 3690-7922",
    "hours": "Segunda a Sexta, 07h às 23h",
    "coordinates": { "lat": -21.74424209285114, "lng": -43.38416383543855 },
    "acceptedItems": [
      "Roupas e calçados",
      "Alimentos não perecíveis",
      "Água mineral",
      "Cobertores, Colchões e Travesseiros",
      "Produtos de higiene pessoal",
      "Medicamentos (lacrados)",
      "Produtos de limpeza",
      "Doação financeira",
      "Ração para animais"
    ]
  },
  {
    "id": "10",
    "name": "DCE UFJF",
    "address": "St. L - Via Local",
    "neighborhood": "Monte Castelo",
    "phone": "(32) 2102-3758",
    "hours": "Segunda a Sexta, 10h às 18h",
    "coordinates": { "lat": -21.7729211292164, "lng": -43.36919934884002 },
    "acceptedItems": [
      "Roupas e calçados",
      "Alimentos não perecíveis",
      "Água mineral",
      "Cobertores, Colchões e Travesseiros",
      "Produtos de higiene pessoal",
      "Medicamentos (lacrados)",
      "Produtos de limpeza",
      "Doação financeira",
      "Ração para animais"
    ],
    "notes": "Em frente à central de segurança."
  },
  {
    "id": "11",
    "name": "Faculdade de Medicina UFJF",
    "address": "Av. Eugênio do Nascimento, s/n",
    "neighborhood": "Dom Bosco",
    "phone": "(32) 2102-3911",
    "hours": "Segunda a Sexta, 08h às 17h",
    "coordinates": { "lat": -21.786396004872373, "lng": -43.368848074126255 },
    "acceptedItems": [
      "Roupas e calçados",
      "Alimentos não perecíveis",
      "Água mineral",
      "Cobertores, Colchões e Travesseiros",
      "Produtos de higiene pessoal",
      "Medicamentos (lacrados)",
      "Produtos de limpeza",
      "Doação financeira",
      "Ração para animais"
    ],
    "notes": "Até dia 06/03."
  },
  {
    "id": "12",
    "name": "Terreiro Filhos do Rei",
    "address": "Professor José Barata, 180",
    "neighborhood": "Santos Dumont",
    "phone": "(32) 9 9839-4606",
    "hours": "Sabádo e Segunda, 18h às 22h",
    "coordinates": { "lat": -21.778982120202894, "lng": -43.38681627661342 },
    "acceptedItems": [
      "Roupas e calçados",
      "Alimentos não perecíveis",
      "Água mineral",
      "Cobertores, Colchões e Travesseiros",
      "Produtos de higiene pessoal",
      "Medicamentos (lacrados)",
      "Produtos de limpeza",
      "Doação financeira",
      "Ração para animais"
    ]
  },
  {
    "id": "13",
    "name": "Sindicato dos Bancários",
    "address": "Rua Batista de Oliveira, 745",
    "neighborhood": "Centro",
    "phone": "(32) 3215-2249",
    "hours": "Segunda a Sexta, 09h às 18h",
    "coordinates": { "lat": -21.762254188860958, "lng": -43.346333174126904 },
    "acceptedItems": [
      "Roupas e calçados",
      "Alimentos não perecíveis",
      "Água mineral",
      "Cobertores, Colchões e Travesseiros",
      "Produtos de higiene pessoal",
      "Medicamentos (lacrados)",
      "Produtos de limpeza",
      "Doação financeira",
      "Ração para animais"
    ]
  },
  {
    "id": "14",
    "name": "Igreja Metodista em Bela Aurora",
    "address": "Rua Dr. Costa Reis, 380",
    "neighborhood": "Ipiranga",
    "phone": "(32) 9 8846-5662",
    "hours": "Segunda a Domingo, 08h às 21h",
    "coordinates": { "lat": -21.789459133496447, "lng": -43.35634660544787 },
    "acceptedItems": [
      "Roupas e calçados",
      "Alimentos não perecíveis",
      "Água mineral",
      "Cobertores, Colchões e Travesseiros",
      "Produtos de higiene pessoal",
      "Medicamentos (lacrados)",
      "Produtos de limpeza",
      "Doação financeira",
      "Ração para animais"
    ],
    "notes": "Todos os dias até normalizar."
  },
  {
    "id": "15",
    "name": "Shopping Independêencia",
    "address": "Av. Presidente Itamar Franco, 3600",
    "neighborhood": "Cascatinha",
    "phone": "(32) 3257-3604",
    "hours": "Segunda a Domingo, 10h às 22h",
    "coordinates": { "lat": -21.780787873626316, "lng": -43.36034048761765 },
    "acceptedItems": [
      "Roupas e calçados",
      "Alimentos não perecíveis",
      "Água mineral",
      "Cobertores, Colchões e Travesseiros",
      "Produtos de higiene pessoal",
      "Medicamentos (lacrados)",
      "Produtos de limpeza",
      "Doação financeira",
      "Ração para animais"
    ]
  },
  {
    "id": "16",
    "name": "AACI",
    "address": "Rua Dr. Dias da Cruz, 487",
    "neighborhood": "Nova Era",
    "phone": "(32) 3226-4832",
    "hours": "Segunda a Sexta, 08h às 17h",
    "coordinates": { "lat": -21.702425381724012, "lng": -43.4259262164559 },
    "acceptedItems": [
      "Roupas e calçados",
      "Alimentos não perecíveis",
      "Água mineral",
      "Cobertores, Colchões e Travesseiros",
      "Produtos de higiene pessoal",
      "Medicamentos (lacrados)",
      "Produtos de limpeza",
      "Doação financeira",
      "Ração para animais"
    ]
  },
  {
    "id": "17",
    "name": "OK Peças",
    "address": "Rua Floriano Peixoto, 45",
    "neighborhood": "Centro",
    "phone": "(32) 3212-1800",
    "hours": "Segunda a Sábado, 09h às 18h",
    "coordinates": { "lat": -21.757913770659734, "lng": -43.34615130296356 },
    "acceptedItems": [
      "Roupas e calçados",
      "Alimentos não perecíveis",
      "Água mineral",
      "Cobertores, Colchões e Travesseiros",
      "Produtos de higiene pessoal",
      "Medicamentos (lacrados)",
      "Produtos de limpeza",
      "Doação financeira",
      "Ração para animais"
    ]
  },
  {
    "id": "18",
    "name": "Belle Shop",
    "address": "Rua São João, 195",
    "neighborhood": "Centro",
    "phone": "(32) 3215-9088",
    "hours": "Segunda a Sábado, 09h às 19h",
    "coordinates": { "lat": -21.76165055237396, "lng": -43.3469089011091 },
    "acceptedItems": [
      "Roupas e calçados",
      "Alimentos não perecíveis",
      "Água mineral",
      "Cobertores, Colchões e Travesseiros",
      "Produtos de higiene pessoal",
      "Medicamentos (lacrados)",
      "Produtos de limpeza",
      "Doação financeira",
      "Ração para animais"
    ]
  },
  {
    "id": "19",
    "name": "Uni Academia",
    "address": "Rua Halfeld, 1179",
    "neighborhood": "Centro",
    "phone": "(32) 3250-3800",
    "hours": "Segunda a Sábado, 08h às 18h",
    "coordinates": { "lat": -21.76196612211165, "lng": -43.35299628423874 },
    "acceptedItems": [
      "Roupas e calçados",
      "Alimentos não perecíveis",
      "Água mineral",
      "Cobertores, Colchões e Travesseiros",
      "Produtos de higiene pessoal",
      "Medicamentos (lacrados)",
      "Produtos de limpeza",
      "Doação financeira",
      "Ração para animais"
    ]
  },
  {
    "id": "20",
    "name": "EmCasa",
    "address": "Av. Sete de Setembro, 975",
    "neighborhood": "Costa Carvalho",
    "phone": "(32) 3217-1400",
    "hours": "Segunda a Sexta, 08h às 12h e 13h às 17h",
    "coordinates": { "lat": -21.759626419479826, "lng": -43.34130217847045 },
    "acceptedItems": [
      "Roupas e calçados",
      "Alimentos não perecíveis",
      "Água mineral",
      "Cobertores, Colchões e Travesseiros",
      "Produtos de higiene pessoal",
      "Medicamentos (lacrados)",
      "Produtos de limpeza",
      "Doação financeira",
      "Ração para animais"
    ]
  },
  {
    "id": "21",
    "name": "Comunidade Shalom Juiz de Fora",
    "address": "Rua Dr. Antônio Carlos, 445",
    "neighborhood": "Centro",
    "phone": "(32) 9 9158-9103",
    "hours": "Terça a Sábado, 13h às 19h",
    "coordinates": { "lat": -21.767731186732814, "lng": -43.34723956063573 },
    "acceptedItems": [
      "Roupas e calçados",
      "Alimentos não perecíveis",
      "Produtos de higiene pessoal",
      "Produtos de limpeza"
    ]
  },
  {
    "id": "22",
    "name": "Garfão",
    "address": "Av. Dr. Paulo Japiassu Coelho, 639",
    "neighborhood": "Cascatinha",
    "phone": "(33) 9 8435-5775",
    "hours": "Segunda a Sábado, 11h às 14h30",
    "coordinates": { "lat": -21.781854611989505, "lng": -43.363452002962745 },
    "acceptedItems": [
      "Roupas e calçados",
      "Alimentos não perecíveis"
    ]
  },
  {
    "id": "23",
    "name": "Igreja Metodista Central",
    "address": "Rua Marechal Deodoro, 700",
    "neighborhood": "Centro",
    "phone": "(32) 3215-7703",
    "hours": "Segunda a Sexta, 08h às 18h",
    "coordinates": { "lat": -21.760222750789175, "lng": -43.35077457412704 },
    "acceptedItems": [
      "Roupas e calçados",
      "Alimentos não perecíveis",
      "Água mineral",
      "Cobertores, Colchões e Travesseiros",
      "Produtos de higiene pessoal",
      "Medicamentos (lacrados)",
      "Produtos de limpeza"
    ]
  },
  {
    "id": "24",
    "name": "Igreja Metodista São Mateus",
    "address": "Av. Itamar Franco, 1757",
    "neighborhood": "São Mateus",
    "phone": "(31) 98814-2087",
    "hours": "Segunda a Sexta, 08h às 17h",
    "coordinates": { "lat": -21.769868961498556, "lng": -43.35079010296324 },
    "acceptedItems": [
      "Roupas e calçados",
      "Alimentos não perecíveis",
      "Água mineral",
      "Cobertores, Colchões e Travesseiros",
      "Produtos de higiene pessoal",
      "Medicamentos (lacrados)",
      "Produtos de limpeza"
    ]
  },
  {
    "id": "25",
    "name": "Igreja Metodista Jardinópolis",
    "address": "Rua Três Ilhas, 96",
    "neighborhood": "Santa Luzia",
    "phone": "(28) 9 9933-7659",
    "hours": "Segunda a Sexta, 08h30 às 10h30 e 14h às 17h30",
    "coordinates": { "lat": -21.783258561008207, "lng": -43.34557160110855 },
    "acceptedItems": [
      "Roupas e calçados",
      "Alimentos não perecíveis",
      "Água mineral",
      "Cobertores, Colchões e Travesseiros",
      "Produtos de higiene pessoal",
      "Medicamentos (lacrados)",
      "Produtos de limpeza"
    ]
  },
  {
    "id": "26",
    "name": "Igreja Metodista em Monte Castelo",
    "address": "Rua Coronel Quintão, 543",
    "neighborhood": "Monte Castelo",
    "phone": "(31) 9 8774-0005",
    "hours": "Segunda a Sexta, 08h às 18h",
    "coordinates": { "lat": -21.746121369389353, "lng": -43.3810381008143 },
    "acceptedItems": [
      "Roupas e calçados",
      "Alimentos não perecíveis",
      "Água mineral",
      "Cobertores, Colchões e Travesseiros",
      "Produtos de higiene pessoal",
      "Medicamentos (lacrados)",
      "Produtos de limpeza"
    ]
  },
  {
    "id": "27",
    "name": "Colégio Cave",
    "address": "Rua Tiradentes, 567",
    "neighborhood": "Santa Helena",
    "phone": "(32) 3690-4001",
    "hours": "Segunda a Sexta, 08h às 18h",
    "coordinates": { "lat": -21.760071357618674, "lng": -43.35392946063588 },
    "acceptedItems": [
      "Roupas e calçados",
      "Alimentos não perecíveis",
      "Água mineral",
      "Produtos de higiene pessoal",
      "Produtos de limpeza"
    ]
  },
  {
    "id": "28",
    "name": "Moinho Center",
    "address": "Av. Presidente Juscelino Kubitschek, 900",
    "neighborhood": "Francisco Bernardino",
    "phone": "(32) 9 9130-0549",
    "hours": "Segunda a Sábado, 07h às 19h",
    "coordinates": { "lat": -21.733335390020613, "lng": -43.39442577412776 },
    "acceptedItems": [
      "Roupas e calçados",
      "Alimentos não perecíveis",
      "Água mineral",
      "Produtos de higiene pessoal",
      "Produtos de limpeza"
    ]
  },
  {
    "id": "29",
    "name": "Zine Cultural",
    "address": "Praça Menelick de Carvalho, 150",
    "neighborhood": "Santa Helena",
    "phone": "(32) 9 9839-2298",
    "hours": "Segunda a Sexta, 10h às 18h",
    "coordinates": { "lat": -21.757800212593462, "lng": -43.35386827598119 },
    "acceptedItems": [
      "Roupas e calçados",
      "Alimentos não perecíveis",
      "Água mineral",
      "Produtos de higiene pessoal",
      "Produtos de limpeza"
    ]
  },
  {
    "id": "30",
    "name": "Souza Gomes",
    "address": "Av. Presidente Itamar Franco, 2.800",
    "neighborhood": "São Mateus",
    "phone": "(32) 3512-3999",
    "hours": "Segunda a Sábado, 8h30 às 18h30",
    "coordinates": { "lat": -21.776936569347953, "lng": -43.358201189471934 },
    "acceptedItems": [
      "Roupas e calçados",
      "Alimentos não perecíveis",
      "Água mineral",
      "Produtos de higiene pessoal",
      "Produtos de limpeza"
    ]
  },
  {
    "id": "31",
    "name": "Sicredi - Centro",
    "address": "Av. Barão do Rio Branco, 1662",
    "neighborhood": "Centro",
    "phone": "(32) 3229-4550",
    "hours": "Segunda a Sexta, 10h às 15h30",
    "coordinates": { "lat": -21.754817680954858, "lng": -43.35133295826772 },
    "acceptedItems": [
      "Roupas e calçados",
      "Alimentos não perecíveis",
      "Água mineral",
      "Produtos de higiene pessoal",
      "Produtos de limpeza"
    ]
  },
  {
    "id": "32",
    "name": "Sicredi - Cascatinha",
    "address": "Av. Dr. Paulo Japiassú Coelho, 339",
    "neighborhood": "Cascatinha",
    "phone": "(51) 3358-4770",
    "hours": "Segunda a Sexta, 10h às 15h30",
    "coordinates": { "lat": -21.782943718226242, "lng": -43.364358276319784 },
    "acceptedItems": [
      "Roupas e calçados",
      "Alimentos não perecíveis",
      "Água mineral",
      "Produtos de higiene pessoal",
      "Produtos de limpeza"
    ]
  },
  {
    "id": "33",
    "name": "Sicredi - Benfica",
    "address": "Rua Martins Barbosa, 356",
    "neighborhood": "Benfica",
    "phone": "(51) 3358-4770",
    "hours": "Segunda a Sexta, 10h às 15h30",
    "coordinates": { "lat": -21.687148973344076, "lng": -43.436655907010326 },
    "acceptedItems": [
      "Roupas e calçados",
      "Alimentos não perecíveis",
      "Água mineral",
      "Produtos de higiene pessoal",
      "Produtos de limpeza"
    ]
  },
  {
    "id": "34",
    "name": "Bahamas Mix Salvaterra",
    "address": "Av. Deusdedith Salgado, 4992",
    "neighborhood": "Salvaterra",
    "phone": "(32) 3249-9496",
    "hours": "Segunda a Domingo, 07h30 às 21h",
    "coordinates": { "lat": -21.811571019565573, "lng": -43.375322821679816 },
    "acceptedItems": [
      "Roupas e calçados",
      "Alimentos não perecíveis",
      "Água mineral",
      "Produtos de higiene pessoal",
      "Produtos de limpeza"
    ]
  },
  {
    "id": "35",
    "name": "Bahamas Grama",
    "address": "Rua Diomar Monteiro, 126",
    "neighborhood": "Grama",
    "phone": "(32) 3249-9470",
    "hours": "Segunda a Domingo, 07h às 21h",
    "coordinates": { "lat": -21.687780475620606, "lng": -43.34813304597313 },
    "acceptedItems": [
      "Roupas e calçados",
      "Alimentos não perecíveis",
      "Água mineral",
      "Produtos de higiene pessoal",
      "Produtos de limpeza"
    ]
  },
  {
    "id": "36",
    "name": "Bahamas Poço Rico",
    "address": "Av. Francisco Valadares, 36",
    "neighborhood": "Poço Rico",
    "phone": "(32) 3249-9469",
    "hours": "Segunda a Domingo, 07h às 21h",
    "coordinates": { "lat": -21.764429586901436, "lng": -43.336361967393096 },
    "acceptedItems": [
      "Roupas e calçados",
      "Alimentos não perecíveis",
      "Água mineral",
      "Produtos de higiene pessoal",
      "Produtos de limpeza"
    ]
  },
  {
    "id": "37",
    "name": "Bahamas Mix Retiro",
    "address": "Av. Dr. Francisco Álvares de Assis, 3000",
    "neighborhood": "Retiro",
    "phone": "(32) 9 9949-1078",
    "hours": "Segunda a Domingo, 07h30 às 21h",
    "coordinates": { "lat": -21.76379188668966, "lng": -43.289326748974865 },
    "acceptedItems": [
      "Roupas e calçados",
      "Alimentos não perecíveis",
      "Água mineral",
      "Produtos de higiene pessoal",
      "Produtos de limpeza"
    ]
  },
  {
    "id": "38",
    "name": "Bahamas Mix JK",
    "address": "Av. Presidente Juscelino Kubitschek, 879",
    "neighborhood": "Francisco Bernardino",
    "phone": "(32) 3249-9459",
    "hours": "Segunda a Domingo, 07h30 às 21h",
    "coordinates": { "lat": -21.731999423904085, "lng": -43.39513325016108 },
    "acceptedItems": [
      "Roupas e calçados",
      "Alimentos não perecíveis",
      "Água mineral",
      "Produtos de higiene pessoal",
      "Produtos de limpeza"
    ]
  },
  {
    "id": "39",
    "name": "Bahamas Linhares",
    "address": "Rua Diva Garcia, 1160",
    "neighborhood": "Linhares",
    "phone": "(32) 3249-9414",
    "hours": "Segunda a Domingo, 07h às 21h",
    "coordinates": { "lat": -21.73851134189796, "lng": -43.3318929471136 },
    "acceptedItems": [
      "Roupas e calçados",
      "Alimentos não perecíveis",
      "Água mineral",
      "Produtos de higiene pessoal",
      "Produtos de limpeza"
    ]
  },
  {
    "id": "40",
    "name": "Bahamas Santa Terezinha",
    "address": "Rua Dr. José Eutrópio, 330",
    "neighborhood": "Santa Terezinha",
    "phone": "(32) 2104-9521",
    "hours": "Segunda a Domingo, 07h às 21h",
    "coordinates": { "lat": -21.740516738104027, "lng": -43.36536992222444 },
    "acceptedItems": [
      "Roupas e calçados",
      "Alimentos não perecíveis",
      "Água mineral",
      "Produtos de higiene pessoal",
      "Produtos de limpeza"
    ]
  },
  {
    "id": "41",
    "name": "Bar Birosca",
    "address": "Rua Profa. Dalva Menezes, 23",
    "neighborhood": "Jardim Glória",
    "phone": "(32) 3026-3720",
    "hours": "Segunda a Sexta, 11h às 14h e 18h às 23h",
    "coordinates": { "lat": -21.75343456791604, "lng": -43.358728564980325 },
    "acceptedItems": [
      "Roupas e calçados",
      "Alimentos não perecíveis",
      "Água mineral",
      "Medicamentos (lacrados)",
      "Produtos de higiene pessoal",
      "Produtos de limpeza"
    ]
  },
  {
    "id": "42",
    "name": "Conselho Tutelar Sul-Oeste",
    "address": "Av. Rio Branco, 1843 / 1 andar (Prédio Cesama)",
    "neighborhood": "Centro",
    "phone": "(32) 3690-7397",
    "hours": "24 horas",
    "coordinates": { "lat": -21.757661441456747, "lng": -43.35047200852606 },
    "acceptedItems": [
      "Roupas e calçados",
      "Alimentos não perecíveis",
      "Água mineral",
      "Cobertores, Colchões e Travesseiros",
      "Produtos de higiene pessoal",
      "Medicamentos (lacrados)",
      "Produtos de limpeza",
      "Doação financeira",
      "Ração para animais"
    ],
    "notes": "Funcionamento 24h."
  },
  {
    "id": "43",
    "name": "Escola Infantil Paraíso das Estrelinhas - Unidade 1",
    "address": "Rua Paraíso de Alcântara, 62",
    "neighborhood": "Barbosa Lage",
    "phone": "(32) 9 8401-2210",
    "hours": "Segunda a Sexta, 07h às 17h",
    "coordinates": { "lat": -21.71386766094104, "lng": -43.40681681674006 },
    "acceptedItems": [
      "Alimentos não perecíveis",
      "Água mineral",
      "Produtos de higiene pessoal",
      "Produtos de limpeza"
    ]
  },
  {
    "id": "44",
    "name": "Escola Infantil Paraíso das Estrelinhas - Unidade 2",
    "address": "R. Onofre De Oliveira Salles, 28",
    "neighborhood": "Recanto da Mata",
    "phone": "(32) 9 8401-2210",
    "hours": "Segunda a Sexta, 07h às 17h",
    "coordinates": { "lat": -21.71801346000958, "lng": -43.40373890275718 },
    "acceptedItems": [
      "Alimentos não perecíveis",
      "Água mineral",
      "Produtos de higiene pessoal",
      "Produtos de limpeza"
    ]
  }
]
